1,Nixon Abraham,abranixo5269
2,Elliott Andres,andrelli6231
3,Williamson Hayden,haydenwilliamson7548
4,Cruz Alana,alanacruz7621
5,West Darwin,darwinwe1071
6,Hanson Daphne,daphhans4194
7,Mcleod Iliana,ilianamcle4492
8,Huff Patrick,patrihu3272
9,Schneider Alena,alenaschneid8288
10,Barber Ashlyn,ashlbar4133
11,Clements Bently,bentlyclem9701
12,Hodges Kendrick,kendrichodge3033
13,Hill Gwendolyn,gwendolhill5573
14,Vang Phoenix,phoenva4489
15,Rutledge Callan,callanrutle9851
16,Fisher Adrien,adrfisher8835
17,Tran Lilith,lilittran7629
18,Ballard Elliot,ellballar9357
19,Vang Ariana,ariavan8828
20,Wise Cristopher,cristophewise8761
